,0
0,"POS DRIVER NATIONALITY CAR PTS
1 Jack Brabham AUS COOPER CLIMAX 43
2 Bruce McLaren NZL COOPER CLIMAX 34
3 Stirling Moss GBR LOTUS CLIMAX 19
4 Innes Ireland GBR LOTUS CLIMAX 18
5 Phil Hill USA COOPER CLIMAX 16
6 Olivier Gendebien BEL COOPER CLIMAX 10
6 Wolfgang von Trips GER COOPER MASERATI 10
8 Jim Rathmann USA WATSON OFFENHAUSER 8
8 Richie Ginther USA FERRARI 8
8 Jim Clark GBR LOTUS CLIMAX 8
11 Tony Brooks GBR COOPER CLIMAX 7
12 Cliff Allison GBR FERRARI 6
12 Rodger Ward USA WATSON OFFENHAUSER 6
12 John Surtees GBR LOTUS CLIMAX 6
15 Paul Goldsmith USA EPPERLY OFFENHAUSER 4
15 Graham Hill GBR BRM 4
15 Willy Mairesse BEL FERRARI 4
15 Jo Bonnier SWE BRM 4
19 Carlos Menditeguy ARG COOPER MASERATI 3
19 Don Branson USA PHILLIPS OFFENHAUSER 3
19 Henry Taylor GBR COOPER CLIMAX 3
19 Giulio Cabianca ITA COOPER CASTELLOTTI 3
23 Johnny Thomson USA LESOVSKY OFFENHAUSER 2
24 Eddie Johnson USA TREVIS OFFENHAUSER 1
24 Lucien Bianchi BEL COOPER CLIMAX 1
24 Ron Flockhart GBR COOPER CLIMAX 1
24 Hans Herrmann GER PORSCHE 1"
1,"POS DRIVER NATIONALITY CAR PTS
1 Phil Hill USA FERRARI 34
2 Wolfgang von Trips GER FERRARI 33
3 Stirling Moss GBR LOTUS CLIMAX 21
3 Dan Gurney USA PORSCHE 21
5 Richie Ginther USA FERRARI 16
6 Innes Ireland GBR LOTUS CLIMAX 12
7 Jim Clark GBR LOTUS CLIMAX 11
7 Bruce McLaren NZL COOPER CLIMAX 11
9 Giancarlo Baghetti ITA FERRARI 9
10 Tony Brooks GBR BRM CLIMAX 6
11 Jack Brabham AUS COOPER CLIMAX 4
11 John Surtees GBR COOPER CLIMAX 4
13 Olivier Gendebien BEL LOTUS CLIMAX 3
13 Jackie Lewis GBR COOPER CLIMAX 3
13 Jo Bonnier SWE PORSCHE 3
13 Graham Hill GBR BRM CLIMAX 3
17 Roy Salvadori GBR COOPER CLIMAX 2"
2,"POS DRIVER NATIONALITY CAR PTS
1 Graham Hill GBR BRM 42
2 Jim Clark GBR LOTUS CLIMAX 30
3 Bruce McLaren NZL COOPER CLIMAX 27
4 John Surtees GBR LOLA CLIMAX 19
5 Dan Gurney USA PORSCHE 15
6 Phil Hill USA FERRARI 14
7 Tony Maggs RSA COOPER CLIMAX 13
8 Richie Ginther USA BRM 10
9 Jack Brabham AUS BRABHAM CLIMAX 9
10 Trevor Taylor GBR LOTUS CLIMAX 6
11 Giancarlo Baghetti ITA FERRARI 5
12 Lorenzo Bandini ITA FERRARI 4
12 Ricardo Rodriguez MEX FERRARI 4
14 Willy Mairesse BEL FERRARI 3
14 Jo Bonnier SWE PORSCHE 3
16 Innes Ireland GBR LOTUS CLIMAX 2
16 Carel Godin de Beaufort NED PORSCHE 2
18 Masten Gregory USA LOTUS BRM 1
18 Neville Lederle RSA LOTUS CLIMAX 1"
3,"POS DRIVER NATIONALITY CAR PTS
1 Jim Clark GBR LOTUS CLIMAX 54
2 Graham Hill GBR BRM 29
2 Richie Ginther USA BRM 29
4 John Surtees GBR FERRARI 22
5 Dan Gurney USA BRABHAM CLIMAX 19
6 Bruce McLaren NZL COOPER CLIMAX 17
7 Jack Brabham AUS BRABHAM CLIMAX 14
8 Tony Maggs RSA COOPER CLIMAX 9
9 Innes Ireland GBR BRP BRM 6
9 Lorenzo Bandini ITA FERRARI 6
9 Jo Bonnier SWE COOPER CLIMAX 6
12 Gerhard Mitter GER PORSCHE 3
12 Jim Hall USA LOTUS BRM 3
14 Carel Godin de Beaufort NED PORSCHE 2
15 Trevor Taylor GBR LOTUS CLIMAX 1
15 Ludovico Scarfiotti ITA FERRARI 1
15 Jo Siffert SUI LOTUS BRM 1
18 Willy Mairesse BEL FERRARI 0
18 Maurice Trintignant FRA BRM 0
18 Tony Settember USA SCIROCCO BRM 0
18 Lucien Bianchi BEL LOLA CLIMAX 0
18 Phil Hill USA ATS 0
18 Giancarlo Baghetti ITA ATS 0
18 Chris Amon NZL LOTUS BRM 0
18 Masten Gregory USA NULL 0
18 Bob Anderson GBR LOLA CLIMAX 0
18 Ian Raby GBR GILBY BRM 0
18 John Campbell-Jones GBR LOLA CLIMAX 0
18 Ian Burgess GBR SCIROCCO BRM 0
18 Mike Hailwood GBR NULL 0
18 Mario de Araujo Cabral POR COOPER CLIMAX 0
18 Bernard Collomb FRA LOTUS CLIMAX 0
18 Mike Spence GBR LOTUS CLIMAX 0
18 Peter Broeker CAN STEBRO FORD 0
18 Rodger Ward USA LOTUS BRM 0
18 Pedro Rodriguez MEX LOTUS CLIMAX 0
18 Hap Sharp USA LOTUS BRM 0
18 Moises Solana MEX BRM 0
18 Doug Serrurier RSA LDS ALFA ROMEO 0
18 Trevor Blokdyk RSA COOPER MASERATI 0
18 Brausch Niemann RSA LOTUS FORD 0
18 John Love RHO COOPER CLIMAX 0
18 Ernie Pieterse RSA LOTUS CLIMAX 0
18 Peter de Klerk RSA ALFA ROMEO 0
18 Sam Tingle RHO LDS ALFA ROMEO 0
18 David Prophet GBR BRABHAM FORD 0"
4,"POS DRIVER NATIONALITY CAR PTS
1 John Surtees GBR FERRARI 40
2 Graham Hill GBR BRM 39
3 Jim Clark GBR LOTUS CLIMAX 32
4 Lorenzo Bandini ITA FERRARI 23
4 Richie Ginther USA BRM 23
6 Dan Gurney USA BRABHAM CLIMAX 19
7 Bruce McLaren NZL COOPER CLIMAX 13
8 Peter Arundell GBR LOTUS CLIMAX 11
8 Jack Brabham AUS BRABHAM CLIMAX 11
10 Jo Siffert SUI BRABHAM BRM 7
11 Bob Anderson GBR BRABHAM CLIMAX 5
12 Tony Maggs RSA BRM 4
12 Mike Spence GBR LOTUS CLIMAX 4
12 Innes Ireland GBR BRP BRM 4
15 Jo Bonnier SWE BRABHAM CLIMAX 3
16 Chris Amon NZL LOTUS BRM 2
16 Maurice Trintignant FRA BRM 2
16 Walt Hansgen USA LOTUS CLIMAX 2
19 Mike Hailwood GBR LOTUS BRM 1
19 Phil Hill USA COOPER CLIMAX 1
19 Trevor Taylor GBR BRP BRM 1
19 Pedro Rodriguez MEX FERRARI 1"
5,"POS DRIVER NATIONALITY CAR PTS
1 Jim Clark GBR LOTUS CLIMAX 54
2 Graham Hill GBR BRM 40
3 Jackie Stewart GBR BRM 33
4 Dan Gurney USA BRABHAM CLIMAX 25
5 John Surtees GBR FERRARI 17
6 Lorenzo Bandini ITA FERRARI 13
7 Richie Ginther USA HONDA 11
8 Mike Spence GBR LOTUS CLIMAX 10
8 Bruce McLaren NZL COOPER CLIMAX 10
10 Jack Brabham AUS BRABHAM CLIMAX 9
11 Denny Hulme NZL BRABHAM CLIMAX 5
11 Jo Siffert SUI BRABHAM BRM 5
13 Jochen Rindt AUT COOPER CLIMAX 4
14 Pedro Rodriguez MEX FERRARI 2
14 Ronnie Bucknum USA HONDA 2
14 Richard Attwood GBR LOTUS BRM 2"
6,"POS DRIVER NATIONALITY CAR PTS
1 Jack Brabham AUS BRABHAM REPCO 42
2 John Surtees GBR COOPER MASERATI 28
3 Jochen Rindt AUT COOPER MASERATI 22
4 Denny Hulme NZL BRABHAM REPCO 18
5 Graham Hill GBR BRM 17
6 Jim Clark GBR LOTUS BRM 16
7 Jackie Stewart GBR BRM 14
8 Mike Parkes GBR FERRARI 12
8 Lorenzo Bandini ITA FERRARI 12
10 Ludovico Scarfiotti ITA FERRARI 9
11 Richie Ginther USA HONDA 5
12 Dan Gurney USA EAGLE CLIMAX 4
12 Mike Spence GBR LOTUS BRM 4
14 Bob Bondurant USA EAGLE WESLAKE 3
14 Jo Siffert SUI COOPER MASERATI 3
14 Bruce McLaren NZL MCLAREN FORD 3
17 John Taylor GBR BRABHAM BRM 1
17 Bob Anderson GBR BRABHAM CLIMAX 1
17 Peter Arundell GBR LOTUS BRM 1
17 Jo Bonnier SWE COOPER MASERATI 1"
7,"POS DRIVER NATIONALITY CAR PTS
1 Denny Hulme NZL BRABHAM REPCO 51
2 Jack Brabham AUS BRABHAM REPCO 46
3 Jim Clark GBR LOTUS FORD 41
4 John Surtees GBR HONDA 20
4 Chris Amon NZL FERRARI 20
6 Pedro Rodriguez MEX COOPER MASERATI 15
6 Graham Hill GBR LOTUS FORD 15
8 Dan Gurney USA EAGLE CLIMAX 13
9 Jackie Stewart GBR BRM 10
10 Mike Spence GBR BRM 9
11 John Love RHO COOPER CLIMAX 6
11 Jochen Rindt AUT COOPER MASERATI 6
11 Jo Siffert SUI COOPER MASERATI 6
14 Bruce McLaren NZL MCLAREN BRM 3
14 Jo Bonnier SWE COOPER MASERATI 3
16 Bob Anderson GBR BRABHAM CLIMAX 2
16 Mike Parkes GBR FERRARI 2
16 Chris Irwin GBR BRM 2
19 Ludovico Scarfiotti ITA EAGLE WESLAKE 1
19 Guy Ligier FRA BRABHAM REPCO 1
19 Jacky Ickx BEL COOPER MASERATI 1"
8,"POS DRIVER NATIONALITY CAR PTS
1 Graham Hill GBR LOTUS FORD 48
2 Jackie Stewart GBR MATRA FORD 36
3 Denny Hulme NZL MCLAREN FORD 33
4 Jacky Ickx BEL FERRARI 27
5 Bruce McLaren NZL MCLAREN FORD 22
6 Pedro Rodriguez MEX BRM 18
7 Jo Siffert SUI LOTUS FORD 12
7 John Surtees GBR HONDA 12
9 Jean-Pierre Beltoise FRA MATRA 11
10 Chris Amon NZL FERRARI 10
11 Jim Clark GBR LOTUS FORD 9
12 Jochen Rindt AUT BRABHAM REPCO 8
13 Richard Attwood GBR BRM 6
13 Johnny Servoz-Gavin FRA MATRA FORD 6
13 Jackie Oliver GBR LOTUS FORD 6
13 Ludovico Scarfiotti ITA COOPER BRM 6
17 Lucien Bianchi BEL COOPER BRM 5
17 Vic Elford GBR COOPER BRM 5
19 Brian Redman GBR COOPER BRM 4
19 Piers Courage GBR BRM 4
21 Dan Gurney USA MCLAREN FORD 3
21 Jo Bonnier SWE HONDA 3
23 Silvio Moser SUI BRABHAM REPCO 2
23 Jack Brabham AUS BRABHAM REPCO 2"
9,"POS DRIVER NATIONALITY CAR PTS
1 Jackie Stewart GBR MATRA FORD 63
2 Jacky Ickx BEL BRABHAM FORD 37
3 Bruce McLaren NZL MCLAREN FORD 26
4 Jochen Rindt AUT LOTUS FORD 22
5 Jean-Pierre Beltoise FRA MATRA FORD 21
6 Denny Hulme NZL MCLAREN FORD 20
7 Graham Hill GBR LOTUS FORD 19
8 Piers Courage GBR BRABHAM FORD 16
9 Jo Siffert SUI LOTUS FORD 15
10 Jack Brabham AUS BRABHAM FORD 14
11 John Surtees GBR BRM 6
12 Chris Amon NZL FERRARI 4
13 Richard Attwood GBR NULL 3
13 Vic Elford GBR MCLAREN FORD 3
13 Pedro Rodriguez MEX FERRARI 3
16 Johnny Servoz-Gavin FRA MATRA FORD 1
16 Silvio Moser SUI BRABHAM FORD 1
16 Jackie Oliver GBR BRM 1"
10,"POS DRIVER NATIONALITY CAR PTS
1 Jochen Rindt AUT LOTUS FORD 45
2 Jacky Ickx BEL FERRARI 40
3 Clay Regazzoni SUI FERRARI 33
4 Denny Hulme NZL MCLAREN FORD 27
5 Jack Brabham AUS BRABHAM FORD 25
5 Jackie Stewart GBR TYRRELL FORD 25
7 Pedro Rodriguez MEX BRM 23
7 Chris Amon NZL MARCH FORD 23
9 Jean-Pierre Beltoise FRA MATRA 16
10 Emerson Fittipaldi BRA LOTUS FORD 12
11 Rolf Stommelen GER BRABHAM FORD 10
12 Henri Pescarolo FRA MATRA 8
13 Graham Hill GBR LOTUS FORD 7
14 Bruce McLaren NZL MCLAREN FORD 6
15 Mario Andretti USA MARCH FORD 4
15 Reine Wisell SWE LOTUS FORD 4
17 Ignazio Giunti ITA FERRARI 3
17 John Surtees GBR SURTEES FORD 3
19 John Miles GBR LOTUS FORD 2
19 Johnny Servoz-Gavin FRA MARCH FORD 2
19 Jackie Oliver GBR BRM 2
22 Dan Gurney USA MCLAREN FORD 1
22 Francois Cevert FRA MARCH FORD 1
22 Peter Gethin GBR MCLAREN FORD 1
22 Derek Bell GBR SURTEES FORD 1"
11,"POS DRIVER NATIONALITY CAR PTS
1 Jackie Stewart GBR TYRRELL FORD 62
2 Ronnie Peterson SWE NULL 33
3 Francois Cevert FRA TYRRELL FORD 26
4 Jacky Ickx BEL FERRARI 19
4 Jo Siffert SUI BRM 19
6 Emerson Fittipaldi BRA LOTUS FORD 16
7 Clay Regazzoni SUI FERRARI 13
8 Mario Andretti USA FERRARI 12
9 Peter Gethin GBR BRM 9
9 Pedro Rodriguez MEX BRM 9
9 Chris Amon NZL MATRA 9
9 Reine Wisell SWE LOTUS FORD 9
9 Denny Hulme NZL MCLAREN FORD 9
14 Tim Schenken AUS BRABHAM FORD 5
14 Howden Ganley NZL BRM 5
16 Mark Donohue USA NULL 4
16 Henri Pescarolo FRA NULL 4
18 Mike Hailwood GBR SURTEES FORD 3
18 John Surtees GBR SURTEES FORD 3
18 Rolf Stommelen GER SURTEES FORD 3
21 Graham Hill GBR BRABHAM FORD 2
22 Jean-Pierre Beltoise FRA MATRA 1"
12,"POS DRIVER NATIONALITY CAR PTS
1 Emerson Fittipaldi BRA LOTUS FORD 61
2 Jackie Stewart GBR TYRRELL FORD 45
3 Denny Hulme NZL MCLAREN FORD 39
4 Jacky Ickx BEL FERRARI 27
5 Peter Revson USA MCLAREN FORD 23
6 Francois Cevert FRA TYRRELL FORD 15
6 Clay Regazzoni SUI FERRARI 15
8 Mike Hailwood GBR SURTEES FORD 13
9 Ronnie Peterson SWE MARCH FORD 12
9 Chris Amon NZL MATRA 12
11 Jean-Pierre Beltoise FRA BRM 9
12 Mario Andretti USA FERRARI 4
12 Howden Ganley NZL BRM 4
12 Brian Redman GBR BRM 4
12 Graham Hill GBR BRABHAM FORD 4
16 Andrea de Adamich ITA SURTEES FORD 3
16 Carlos Reutemann ARG BRABHAM FORD 3
16 Carlos Pace BRA MARCH FORD 3
19 Tim Schenken AUS SURTEES FORD 2
20 Arturo Merzario ITA FERRARI 1
20 Peter Gethin GBR BRM 1"
13,"POS DRIVER NATIONALITY CAR PTS
1 Jackie Stewart GBR TYRRELL FORD 71
2 Emerson Fittipaldi BRA LOTUS FORD 55
3 Ronnie Peterson SWE LOTUS FORD 52
4 Francois Cevert FRA TYRRELL FORD 47
5 Peter Revson USA MCLAREN FORD 38
6 Denny Hulme NZL MCLAREN FORD 26
7 Carlos Reutemann ARG BRABHAM FORD 16
8 James Hunt GBR MARCH FORD 14
9 Jacky Ickx BEL ISO MARLBORO FORD 12
10 Jean-Pierre Beltoise FRA BRM 9
11 Carlos Pace BRA SURTEES FORD 7
12 Arturo Merzario ITA FERRARI 6
13 George Follmer USA SHADOW FORD 5
14 Jackie Oliver GBR SHADOW FORD 4
15 Andrea de Adamich ITA BRABHAM FORD 3
15 Wilson Fittipaldi BRA BRABHAM FORD 3
17 Niki Lauda AUT BRM 2
17 Clay Regazzoni SUI BRM 2
19 Chris Amon NZL TYRRELL FORD 1
19 Gijs van Lennep NED ISO MARLBORO FORD 1
19 Howden Ganley NZL ISO MARLBORO FORD 1"
14,"POS DRIVER NATIONALITY CAR PTS
1 Emerson Fittipaldi BRA MCLAREN FORD 55
2 Clay Regazzoni SUI FERRARI 52
3 Jody Scheckter RSA TYRRELL FORD 45
4 Niki Lauda AUT FERRARI 38
5 Ronnie Peterson SWE LOTUS FORD 35
6 Carlos Reutemann ARG BRABHAM FORD 32
7 Denny Hulme NZL MCLAREN FORD 20
8 James Hunt GBR HESKETH FORD 15
9 Patrick Depailler FRA TYRRELL FORD 14
10 Jacky Ickx BEL LOTUS FORD 12
10 Mike Hailwood GBR MCLAREN FORD 12
12 Carlos Pace BRA BRABHAM FORD 11
13 Jean-Pierre Beltoise FRA BRM 10
14 Jean-Pierre Jarier FRA SHADOW FORD 6
14 John Watson GBR BRABHAM FORD 6
16 Hans-Joachim Stuck GER MARCH FORD 5
17 Arturo Merzario ITA ISO MARLBORO FORD 4
18 Graham Hill GBR LOLA FORD 1
18 Tom Pryce GBR SHADOW FORD 1
18 Vittorio Brambilla ITA MARCH FORD 1"
15,"POS DRIVER NATIONALITY CAR PTS
1 Niki Lauda AUT FERRARI 64.5
2 Emerson Fittipaldi BRA MCLAREN FORD 45
3 Carlos Reutemann ARG BRABHAM FORD 37
4 James Hunt GBR HESKETH FORD 33
5 Clay Regazzoni SUI FERRARI 25
6 Carlos Pace BRA BRABHAM FORD 24
7 Jody Scheckter RSA TYRRELL FORD 20
7 Jochen Mass GER MCLAREN FORD 20
9 Patrick Depailler FRA TYRRELL FORD 12
10 Tom Pryce GBR SHADOW FORD 8
11 Vittorio Brambilla ITA MARCH FORD 6.5
12 Jacques Laffite FRA FRANK WILLIAMS RACING CARS/WILLIAMS 6
12 Ronnie Peterson SWE LOTUS FORD 6
14 Mario Andretti USA PARNELLI FORD 5
15 Mark Donohue USA MARCH FORD 4
16 Jacky Ickx BEL LOTUS FORD 3
17 Alan Jones AUS HILL FORD 2
18 Jean-Pierre Jarier FRA SHADOW FORD 1.5
19 Tony Brise GBR HILL FORD 1
19 Gijs van Lennep NED ENSIGN FORD 1
21 Lella Lombardi ITA FRANK WILLIAMS RACING CARS/WILLIAMS 0.5"
16,"POS DRIVER NATIONALITY CAR PTS
1 James Hunt GBR MCLAREN FORD 69
2 Niki Lauda AUT FERRARI 68
3 Jody Scheckter RSA TYRRELL FORD 49
4 Patrick Depailler FRA TYRRELL FORD 39
5 Clay Regazzoni SUI FERRARI 31
6 Mario Andretti USA LOTUS FORD 22
7 John Watson GBR PENSKE FORD 20
7 Jacques Laffite FRA LIGIER MATRA 20
9 Jochen Mass GER MCLAREN FORD 19
10 Gunnar Nilsson SWE LOTUS FORD 11
11 Ronnie Peterson SWE MARCH FORD 10
11 Tom Pryce GBR SHADOW FORD 10
13 Hans-Joachim Stuck GER MARCH FORD 8
14 Carlos Pace BRA BRABHAM ALFA ROMEO 7
14 Alan Jones AUS SURTEES FORD 7
16 Carlos Reutemann ARG FERRARI 3
16 Emerson Fittipaldi BRA FITTIPALDI FORD 3
18 Chris Amon NZL WOLF-WILLIAMS 2
19 Rolf Stommelen GER BRABHAM ALFA ROMEO 1
19 Vittorio Brambilla ITA MARCH FORD 1"
17,"POS DRIVER NATIONALITY CAR PTS
1 Niki Lauda AUT FERRARI 72
2 Jody Scheckter RSA WOLF FORD 55
3 Mario Andretti USA LOTUS FORD 47
4 Carlos Reutemann ARG FERRARI 42
5 James Hunt GBR MCLAREN FORD 40
6 Jochen Mass GER MCLAREN FORD 25
7 Alan Jones AUS SHADOW FORD 22
8 Gunnar Nilsson SWE LOTUS FORD 20
8 Patrick Depailler FRA TYRRELL FORD 20
10 Jacques Laffite FRA LIGIER MATRA 18
11 Hans-Joachim Stuck GER BRABHAM ALFA ROMEO 12
12 Emerson Fittipaldi BRA FITTIPALDI FORD 11
13 John Watson GBR BRABHAM ALFA ROMEO 9
14 Ronnie Peterson SWE TYRRELL FORD 7
15 Carlos Pace BRA BRABHAM ALFA ROMEO 6
15 Vittorio Brambilla ITA SURTEES FORD 6
17 Patrick Tambay FRA ENSIGN FORD 5
17 Clay Regazzoni SUI ENSIGN FORD 5
19 Renzo Zorzi ITA SHADOW FORD 1
19 Jean-Pierre Jarier FRA LIGIER MATRA 1
19 Riccardo Patrese ITA SHADOW FORD 1"
18,"POS DRIVER NATIONALITY CAR PTS
1 Mario Andretti USA LOTUS FORD 64
2 Ronnie Peterson SWE LOTUS FORD 51
3 Carlos Reutemann ARG FERRARI 48
4 Niki Lauda AUT BRABHAM ALFA ROMEO 44
5 Patrick Depailler FRA TYRRELL FORD 34
6 John Watson GBR BRABHAM ALFA ROMEO 25
7 Jody Scheckter RSA WOLF FORD 24
8 Jacques Laffite FRA LIGIER MATRA 19
9 Gilles Villeneuve CAN FERRARI 17
9 Emerson Fittipaldi BRA FITTIPALDI FORD 17
11 Alan Jones AUS WILLIAMS FORD 11
11 Riccardo Patrese ITA ARROWS FORD 11
13 James Hunt GBR MCLAREN FORD 8
13 Patrick Tambay FRA MCLAREN FORD 8
15 Didier Pironi FRA TYRRELL FORD 7
16 Clay Regazzoni SUI SHADOW FORD 4
17 Jean-Pierre Jabouille FRA RENAULT 3
18 Hans-Joachim Stuck GER SHADOW FORD 2
19 Hector Rebaque MEX LOTUS FORD 1
19 Vittorio Brambilla ITA SURTEES FORD 1
19 Derek Daly IRL ENSIGN FORD 1"
19,"POS DRIVER NATIONALITY CAR PTS
1 Jody Scheckter RSA FERRARI 51
2 Gilles Villeneuve CAN FERRARI 47
3 Alan Jones AUS WILLIAMS FORD 40
4 Jacques Laffite FRA LIGIER FORD 36
5 Clay Regazzoni SUI WILLIAMS FORD 29
6 Patrick Depailler FRA LIGIER FORD 20
6 Carlos Reutemann ARG LOTUS FORD 20
8 Rene Arnoux FRA RENAULT 17
9 John Watson GBR MCLAREN FORD 15
10 Didier Pironi FRA TYRRELL FORD 14
10 Jean-Pierre Jarier FRA TYRRELL FORD 14
10 Mario Andretti USA LOTUS FORD 14
13 Jean-Pierre Jabouille FRA RENAULT 9
14 Niki Lauda AUT BRABHAM FORD 4
15 Nelson Piquet BRA BRABHAM FORD 3
15 Elio de Angelis ITA SHADOW FORD 3
15 Jacky Ickx BEL LIGIER FORD 3
15 Jochen Mass GER ARROWS FORD 3
19 Riccardo Patrese ITA ARROWS FORD 2
19 Hans-Joachim Stuck GER ATS FORD 2
21 Emerson Fittipaldi BRA FITTIPALDI FORD 1"
20,"POS DRIVER NATIONALITY CAR PTS
1 Alan Jones AUS WILLIAMS FORD 67
2 Nelson Piquet BRA BRABHAM FORD 54
3 Carlos Reutemann ARG WILLIAMS FORD 42
4 Jacques Laffite FRA LIGIER FORD 34
5 Didier Pironi FRA LIGIER FORD 32
6 Rene Arnoux FRA RENAULT 29
7 Elio de Angelis ITA LOTUS FORD 13
8 Jean-Pierre Jabouille FRA RENAULT 9
9 Riccardo Patrese ITA ARROWS FORD 7
10 Keke Rosberg FIN FITTIPALDI FORD 6
10 Derek Daly IRL TYRRELL FORD 6
10 John Watson GBR MCLAREN FORD 6
10 Jean-Pierre Jarier FRA TYRRELL FORD 6
10 Gilles Villeneuve CAN FERRARI 6
15 Emerson Fittipaldi BRA FITTIPALDI FORD 5
15 Alain Prost FRA MCLAREN FORD 5
17 Jochen Mass GER ARROWS FORD 4
17 Bruno Giacomelli ITA ALFA ROMEO 4
19 Jody Scheckter RSA FERRARI 2
20 Hector Rebaque MEX BRABHAM FORD 1
20 Mario Andretti USA LOTUS FORD 1"
21,"POS DRIVER NATIONALITY CAR PTS
1 Nelson Piquet BRA BRABHAM FORD 50
2 Carlos Reutemann ARG WILLIAMS FORD 49
3 Alan Jones AUS WILLIAMS FORD 46
4 Jacques Laffite FRA LIGIER MATRA 44
5 Alain Prost FRA RENAULT 43
6 John Watson GBR MCLAREN FORD 27
7 Gilles Villeneuve CAN FERRARI 25
8 Elio de Angelis ITA LOTUS FORD 14
9 Rene Arnoux FRA RENAULT 11
9 Hector Rebaque MEX BRABHAM FORD 11
11 Riccardo Patrese ITA ARROWS FORD 10
11 Eddie Cheever USA TYRRELL FORD 10
13 Didier Pironi FRA FERRARI 9
14 Nigel Mansell GBR LOTUS FORD 8
15 Bruno Giacomelli ITA ALFA ROMEO 7
16 Marc Surer SUI THEODORE FORD 4
17 Mario Andretti USA ALFA ROMEO 3
18 Patrick Tambay FRA LIGIER MATRA 1
18 Andrea de Cesaris ITA MCLAREN FORD 1
18 Slim Borgudd SWE ATS FORD 1
18 Eliseo Salazar CHI ENSIGN FORD 1"
22,"POS DRIVER NATIONALITY CAR PTS
1 Keke Rosberg FIN WILLIAMS FORD 44
2 Didier Pironi FRA FERRARI 39
2 John Watson GBR MCLAREN FORD 39
4 Alain Prost FRA RENAULT 34
5 Niki Lauda AUT MCLAREN FORD 30
6 Rene Arnoux FRA RENAULT 28
7 Patrick Tambay FRA FERRARI 25
7 Michele Alboreto ITA TYRRELL FORD 25
9 Elio de Angelis ITA LOTUS FORD 23
10 Riccardo Patrese ITA BRABHAM BMW 21
11 Nelson Piquet BRA BRABHAM BMW 20
12 Eddie Cheever USA LIGIER MATRA 15
13 Derek Daly IRL WILLIAMS FORD 8
14 Nigel Mansell GBR LOTUS FORD 7
15 Carlos Reutemann ARG WILLIAMS FORD 6
15 Gilles Villeneuve CAN FERRARI 6
17 Andrea de Cesaris ITA ALFA ROMEO 5
17 Jacques Laffite FRA LIGIER MATRA 5
19 Mario Andretti USA FERRARI 4
20 Jean-Pierre Jarier FRA OSELLA FORD 3
20 Marc Surer SUI ARROWS FORD 3
22 Manfred Winkelhock GER ATS FORD 2
22 Eliseo Salazar CHI ATS FORD 2
22 Bruno Giacomelli ITA ALFA ROMEO 2
22 Mauro Baldi ITA ARROWS FORD 2
26 Chico Serra BRA FITTIPALDI FORD 1"
23,"POS DRIVER NATIONALITY CAR PTS
1 Nelson Piquet BRA BRABHAM BMW 59
2 Alain Prost FRA RENAULT 57
3 Rene Arnoux FRA FERRARI 49
4 Patrick Tambay FRA FERRARI 40
5 Keke Rosberg FIN WILLIAMS HONDA 27
6 John Watson GBR MCLAREN FORD 22
7 Eddie Cheever USA RENAULT 22
8 Andrea de Cesaris ITA ALFA ROMEO 15
9 Riccardo Patrese ITA BRABHAM BMW 13
10 Niki Lauda AUT MCLAREN TAG 12
11 Jacques Laffite FRA WILLIAMS HONDA 11
12 Michele Alboreto ITA TYRRELL FORD 10
13 Nigel Mansell GBR LOTUS RENAULT 10
14 Derek Warwick GBR TOLEMAN HART 9
15 Marc Surer SUI ARROWS FORD 4
16 Mauro Baldi ITA ALFA ROMEO 3
17 Elio de Angelis ITA LOTUS RENAULT 2
18 Danny Sullivan USA TYRRELL FORD 2
19 Bruno Giacomelli ITA TOLEMAN HART 1
20 Johnny Cecotto VEN THEODORE FORD 1"
24,"POS DRIVER NATIONALITY CAR PTS
1 Niki Lauda AUT MCLAREN TAG 72
2 Alain Prost FRA MCLAREN TAG 71.5
3 Elio de Angelis ITA LOTUS RENAULT 34
4 Michele Alboreto ITA FERRARI 30.5
5 Nelson Piquet BRA BRABHAM BMW 29
6 Rene Arnoux FRA FERRARI 27
7 Derek Warwick GBR RENAULT 23
8 Keke Rosberg FIN WILLIAMS HONDA 20.5
9 Ayrton Senna BRA TOLEMAN HART 13
10 Nigel Mansell GBR LOTUS RENAULT 13
11 Patrick Tambay FRA RENAULT 11
12 Teo Fabi ITA BRABHAM BMW 9
13 Riccardo Patrese ITA ALFA ROMEO 8
14 Jacques Laffite FRA WILLIAMS HONDA 5
15 Thierry Boutsen BEL ARROWS BMW 5
16 Eddie Cheever USA ALFA ROMEO 3
17 Stefan Johansson SWE TOLEMAN HART 3
18 Andrea de Cesaris ITA LIGIER RENAULT 3
19 Piercarlo Ghinzani ITA OSELLA ALFA ROMEO 2
20 Marc Surer SUI ARROWS BMW 1"
25,"POS DRIVER NATIONALITY CAR PTS
1 Alain Prost FRA MCLAREN TAG 73
2 Michele Alboreto ITA FERRARI 53
3 Keke Rosberg FIN WILLIAMS HONDA 40
4 Ayrton Senna BRA LOTUS RENAULT 38
5 Elio de Angelis ITA LOTUS RENAULT 33
6 Nigel Mansell GBR WILLIAMS HONDA 31
7 Stefan Johansson SWE FERRARI 26
8 Nelson Piquet BRA BRABHAM BMW 21
9 Jacques Laffite FRA LIGIER RENAULT 16
10 Niki Lauda AUT MCLAREN TAG 14
11 Thierry Boutsen BEL ARROWS BMW 11
12 Patrick Tambay FRA RENAULT 11
13 Marc Surer SUI BRABHAM BMW 5
14 Derek Warwick GBR RENAULT 5
15 Philippe Streiff FRA LIGIER RENAULT 4
16 Stefan Bellof GER TYRRELL RENAULT 4
17 Andrea de Cesaris ITA LIGIER RENAULT 3
18 Rene Arnoux FRA FERRARI 3
19 Ivan Capelli ITA TYRRELL RENAULT 3
20 Gerhard Berger AUT ARROWS BMW 3"
26,"POS DRIVER NATIONALITY CAR PTS
1 Alain Prost FRA MCLAREN TAG 72
2 Nigel Mansell GBR WILLIAMS HONDA 70
3 Nelson Piquet BRA WILLIAMS HONDA 69
4 Ayrton Senna BRA LOTUS RENAULT 55
5 Stefan Johansson SWE FERRARI 23
6 Keke Rosberg FIN MCLAREN TAG 22
7 Gerhard Berger AUT BENETTON BMW 17
8 Jacques Laffite FRA LIGIER RENAULT 14
9 Michele Alboreto ITA FERRARI 14
10 Rene Arnoux FRA LIGIER RENAULT 14
11 Martin Brundle GBR TYRRELL RENAULT 8
12 Alan Jones AUS LOLA FORD 4
13 Johnny Dumfries GBR LOTUS RENAULT 3
14 Philippe Streiff FRA TYRRELL RENAULT 3
15 Teo Fabi ITA BENETTON BMW 2
16 Patrick Tambay FRA LOLA FORD 2
17 Riccardo Patrese ITA BRABHAM BMW 2
18 Philippe Alliot FRA LIGIER RENAULT 1
19 Christian Danner GER ARROWS BMW 1"
27,"POS DRIVER NATIONALITY CAR PTS
1 Nelson Piquet BRA WILLIAMS HONDA 73
2 Nigel Mansell GBR WILLIAMS HONDA 61
3 Ayrton Senna BRA LOTUS HONDA 57
4 Alain Prost FRA MCLAREN TAG 46
5 Gerhard Berger AUT FERRARI 36
6 Stefan Johansson SWE MCLAREN TAG 30
7 Michele Alboreto ITA FERRARI 17
8 Thierry Boutsen BEL BENETTON FORD 16
9 Teo Fabi ITA BENETTON FORD 12
10 Eddie Cheever USA ARROWS MEGATRON 8
11 Jonathan Palmer GBR TYRRELL FORD 7
12 Satoru Nakajima JPN LOTUS HONDA 7
13 Riccardo Patrese ITA WILLIAMS HONDA 6
14 Andrea de Cesaris ITA BRABHAM BMW 4
15 Philippe Streiff FRA TYRRELL FORD 4
16 Derek Warwick GBR ARROWS MEGATRON 3
17 Philippe Alliot FRA LOLA FORD 3
18 Martin Brundle GBR ZAKSPEED 2
19 Rene Arnoux FRA LIGIER MEGATRON 1
20 Ivan Capelli ITA MARCH FORD 1
21 Roberto Moreno BRA AGS FORD 1"
28,"POS DRIVER NATIONALITY CAR PTS
1 Ayrton Senna BRA MCLAREN HONDA 90
2 Alain Prost FRA MCLAREN HONDA 87
3 Gerhard Berger AUT FERRARI 41
4 Thierry Boutsen BEL BENETTON FORD 27
5 Michele Alboreto ITA FERRARI 24
6 Nelson Piquet BRA LOTUS HONDA 22
7 Ivan Capelli ITA MARCH JUDD 17
8 Derek Warwick GBR ARROWS MEGATRON 17
9 Nigel Mansell GBR WILLIAMS JUDD 12
10 Alessandro Nannini ITA BENETTON FORD 12
11 Riccardo Patrese ITA WILLIAMS JUDD 8
12 Eddie Cheever USA ARROWS MEGATRON 6
13 Mauricio Gugelmin BRA MARCH JUDD 5
14 Jonathan Palmer GBR TYRRELL FORD 5
15 Andrea de Cesaris ITA RIAL FORD 3
16 Pierluigi Martini ITA MINARDI FORD 1
17 Satoru Nakajima JPN LOTUS HONDA 1"
29,"POS DRIVER NATIONALITY CAR PTS
1 Alain Prost FRA MCLAREN HONDA 76
2 Ayrton Senna BRA MCLAREN HONDA 60
3 Riccardo Patrese ITA WILLIAMS RENAULT 40
4 Nigel Mansell GBR FERRARI 38
5 Thierry Boutsen BEL WILLIAMS RENAULT 37
6 Alessandro Nannini ITA BENETTON FORD 32
7 Gerhard Berger AUT FERRARI 21
8 Nelson Piquet BRA LOTUS JUDD 12
9 Jean Alesi FRA TYRRELL FORD 8
10 Derek Warwick GBR ARROWS FORD 7
11 Stefan Johansson SWE ONYX FORD 6
11 Michele Alboreto ITA LOLA LAMBORGHINI 6
11 Eddie Cheever USA ARROWS FORD 6
14 Johnny Herbert GBR TYRRELL FORD 5
15 Pierluigi Martini ITA MINARDI FORD 5
16 Andrea de Cesaris ITA DALLARA FORD 4
16 Mauricio Gugelmin BRA MARCH JUDD 4
16 Stefano Modena ITA BRABHAM JUDD 4
19 Alex Caffi ITA DALLARA FORD 4
20 Martin Brundle GBR BRABHAM JUDD 4
21 Christian Danner GER RIAL FORD 3
21 Satoru Nakajima JPN LOTUS JUDD 3
23 Rene Arnoux FRA LIGIER FORD 2
23 Emanuele Pirro ITA BENETTON FORD 2
25 Jonathan Palmer GBR TYRRELL FORD 2
26 Gabriele Tarquini ITA AGS FORD 1
26 Philippe Alliot FRA LOLA LAMBORGHINI 1
26 Olivier Grouillard FRA LIGIER FORD 1
26 Luis Perez-Sala ESP MINARDI FORD 1"
30,"POS DRIVER NATIONALITY CAR PTS
1 Ayrton Senna BRA MCLAREN HONDA 78
2 Alain Prost FRA FERRARI 71
3 Nelson Piquet BRA BENETTON FORD 43
3 Gerhard Berger AUT MCLAREN HONDA 43
5 Nigel Mansell GBR FERRARI 37
6 Thierry Boutsen BEL WILLIAMS RENAULT 34
7 Riccardo Patrese ITA WILLIAMS RENAULT 23
8 Alessandro Nannini ITA BENETTON FORD 21
9 Jean Alesi FRA TYRRELL FORD 13
10 Ivan Capelli ITA LEYTON HOUSE JUDD 6
10 Roberto Moreno BRA BENETTON FORD 6
12 Aguri Suzuki JPN LOLA LAMBORGHINI 6
13 Eric Bernard FRA LOLA LAMBORGHINI 5
14 Derek Warwick GBR LOTUS LAMBORGHINI 3
15 Satoru Nakajima JPN TYRRELL FORD 3
16 Alex Caffi ITA ARROWS FORD 2
16 Stefano Modena ITA BRABHAM JUDD 2
18 Mauricio Gugelmin BRA LEYTON HOUSE JUDD 1"
31,"POS DRIVER NATIONALITY CAR PTS
1 Ayrton Senna BRA MCLAREN HONDA 96
2 Nigel Mansell GBR WILLIAMS RENAULT 72
3 Riccardo Patrese ITA WILLIAMS RENAULT 53
4 Gerhard Berger AUT MCLAREN HONDA 43
5 Alain Prost FRA FERRARI 34
6 Nelson Piquet BRA BENETTON FORD 26.5
7 Jean Alesi FRA FERRARI 21
8 Stefano Modena ITA TYRRELL HONDA 10
9 Andrea de Cesaris ITA JORDAN FORD 9
10 Roberto Moreno BRA MINARDI FERRARI 8
11 Pierluigi Martini ITA MINARDI FERRARI 6
12 Jyrki Jarvilehto FIN DALLARA JUDD 4
12 Bertrand Gachot FRA JORDAN FORD 4
12 Michael Schumacher GER BENETTON FORD 4
15 Mika Hakkinen FIN LOTUS JUDD 2
15 Martin Brundle GBR BRABHAM YAMAHA 2
15 Satoru Nakajima JPN TYRRELL HONDA 2
18 Julian Bailey GBR LOTUS JUDD 1
18 Eric Bernard FRA LOLA FORD 1
18 Ivan Capelli ITA LEYTON HOUSE ILMOR 1
18 Aguri Suzuki JPN LOLA FORD 1
18 Emanuele Pirro ITA DALLARA JUDD 1
18 Mark Blundell GBR BRABHAM YAMAHA 1
24 Gianni Morbidelli ITA FERRARI 0.5"
32,"POS DRIVER NATIONALITY CAR PTS
1 Nigel Mansell GBR WILLIAMS RENAULT 108
2 Riccardo Patrese ITA WILLIAMS RENAULT 56
3 Michael Schumacher GER BENETTON FORD 53
4 Ayrton Senna BRA MCLAREN HONDA 50
5 Gerhard Berger AUT MCLAREN HONDA 49
6 Martin Brundle GBR BENETTON FORD 38
7 Jean Alesi FRA FERRARI 18
8 Mika Hakkinen FIN LOTUS FORD 11
9 Andrea de Cesaris ITA TYRRELL ILMOR 8
10 Michele Alboreto ITA FOOTWORK MUGEN HONDA 6
11 Erik Comas FRA LIGIER RENAULT 4
12 Karl Wendlinger AUT MARCH ILMOR 3
12 Ivan Capelli ITA FERRARI 3
14 Thierry Boutsen BEL LIGIER RENAULT 2
15 Pierluigi Martini ITA DALLARA FERRARI 2
16 Johnny Herbert GBR LOTUS FORD 2
17 Stefano Modena ITA JORDAN YAMAHA 1
18 Christian Fittipaldi BRA MINARDI LAMBORGHINI 1
19 Bertrand Gachot FRA VENTURI LAMBORGHINI 1"
33,"POS DRIVER NATIONALITY CAR PTS
1 Alain Prost FRA WILLIAMS RENAULT 99
2 Ayrton Senna BRA MCLAREN FORD 73
3 Damon Hill GBR WILLIAMS RENAULT 69
4 Michael Schumacher GER BENETTON FORD 52
5 Riccardo Patrese ITA BENETTON FORD 20
6 Jean Alesi FRA FERRARI 16
7 Martin Brundle GBR LIGIER RENAULT 13
8 Gerhard Berger AUT FERRARI 12
9 Johnny Herbert GBR LOTUS FORD 11
10 Mark Blundell GBR LIGIER RENAULT 10
11 Michael Andretti USA MCLAREN FORD 7
12 Karl Wendlinger AUT SAUBER 7
13 Christian Fittipaldi BRA MINARDI FORD 5
13 Jyrki Jarvilehto FIN SAUBER 5
15 Mika Hakkinen FIN MCLAREN FORD 4
16 Derek Warwick GBR FOOTWORK MUGEN HONDA 4
17 Philippe Alliot FRA LARROUSSE LAMBORGHINI 2
17 Rubens Barrichello BRA JORDAN HART 2
19 Fabrizio Barbazza ITA MINARDI FORD 2
20 Alessandro Zanardi ITA LOTUS FORD 1
20 Erik Comas FRA LARROUSSE LAMBORGHINI 1
20 Eddie Irvine GBR JORDAN HART 1"
34,"POS DRIVER NATIONALITY CAR PTS
1 Michael Schumacher GER BENETTON FORD 92
2 Damon Hill GBR WILLIAMS RENAULT 91
3 Gerhard Berger AUT FERRARI 41
4 Mika Hakkinen FIN MCLAREN PEUGEOT 26
5 Jean Alesi FRA FERRARI 24
6 Rubens Barrichello BRA JORDAN HART 19
7 Martin Brundle GBR MCLAREN PEUGEOT 16
8 David Coulthard GBR WILLIAMS RENAULT 14
9 Nigel Mansell GBR WILLIAMS RENAULT 13
10 Jos Verstappen NED BENETTON FORD 10
11 Olivier Panis FRA LIGIER RENAULT 9
12 Mark Blundell GBR TYRRELL YAMAHA 8
13 Heinz-Harald Frentzen GER SAUBER MERCEDES 7
14 Nicola Larini ITA FERRARI 6
15 Christian Fittipaldi BRA FOOTWORK FORD 6
16 Eddie Irvine GBR JORDAN HART 6
17 Ukyo Katayama JPN TYRRELL YAMAHA 5
18 Eric Bernard FRA LOTUS MUGEN HONDA 4
19 Karl Wendlinger AUT SAUBER MERCEDES 4
20 Andrea de Cesaris ITA SAUBER MERCEDES 4
21 Pierluigi Martini ITA MINARDI FORD 4
22 Gianni Morbidelli ITA FOOTWORK FORD 3
23 Erik Comas FRA LARROUSSE FORD 2
24 Michele Alboreto ITA MINARDI FORD 1
25 Jyrki Jarvilehto FIN SAUBER MERCEDES 1"
35,"POS DRIVER NATIONALITY CAR PTS
1 Michael Schumacher GER BENETTON RENAULT 102
2 Damon Hill GBR WILLIAMS RENAULT 69
3 David Coulthard GBR WILLIAMS RENAULT 49
4 Johnny Herbert GBR BENETTON RENAULT 45
5 Jean Alesi FRA FERRARI 42
6 Gerhard Berger AUT FERRARI 31
7 Mika Hakkinen FIN MCLAREN MERCEDES 17
8 Olivier Panis FRA LIGIER MUGEN HONDA 16
9 Heinz-Harald Frentzen GER SAUBER FORD 15
10 Mark Blundell GBR MCLAREN MERCEDES 13
11 Rubens Barrichello BRA JORDAN PEUGEOT 11
12 Eddie Irvine GBR JORDAN PEUGEOT 10
13 Martin Brundle GBR LIGIER MUGEN HONDA 7
14 Gianni Morbidelli ITA FOOTWORK HART 5
15 Mika Salo FIN TYRRELL YAMAHA 5
16 Jean-Christophe Boullion FRA SAUBER FORD 3
17 Aguri Suzuki JPN LIGIER MUGEN HONDA 1
18 Pedro Lamy POR MINARDI FORD 1"
36,"POS DRIVER NATIONALITY CAR PTS
1 Damon Hill GBR WILLIAMS RENAULT 97
2 Jacques Villeneuve CAN WILLIAMS RENAULT 78
3 Michael Schumacher GER FERRARI 59
4 Jean Alesi FRA BENETTON RENAULT 47
5 Mika Hakkinen FIN MCLAREN MERCEDES 31
6 Gerhard Berger AUT BENETTON RENAULT 21
7 David Coulthard GBR MCLAREN MERCEDES 18
8 Rubens Barrichello BRA JORDAN PEUGEOT 14
9 Olivier Panis FRA LIGIER MUGEN HONDA 13
10 Eddie Irvine GBR FERRARI 11
11 Martin Brundle GBR JORDAN PEUGEOT 8
12 Heinz-Harald Frentzen GER SAUBER FORD 7
13 Mika Salo FIN TYRRELL YAMAHA 5
14 Johnny Herbert GBR SAUBER FORD 4
15 Pedro Diniz BRA LIGIER MUGEN HONDA 2
16 Jos Verstappen NED FOOTWORK HART 1"
37,"POS DRIVER NATIONALITY CAR PTS
1 Jacques Villeneuve CAN WILLIAMS RENAULT 81
DQ Michael Schumacher GER FERRARI 78
2 Heinz-Harald Frentzen GER WILLIAMS RENAULT 42
3 David Coulthard GBR MCLAREN MERCEDES 36
4 Jean Alesi FRA BENETTON RENAULT 36
5 Gerhard Berger AUT BENETTON RENAULT 27
6 Mika Hakkinen FIN MCLAREN MERCEDES 27
7 Eddie Irvine GBR FERRARI 24
8 Giancarlo Fisichella ITA JORDAN PEUGEOT 20
9 Olivier Panis FRA PROST MUGEN HONDA 16
10 Johnny Herbert GBR SAUBER PETRONAS 15
11 Ralf Schumacher GER JORDAN PEUGEOT 13
12 Damon Hill GBR ARROWS YAMAHA 7
13 Rubens Barrichello BRA STEWART FORD 6
14 Alexander Wurz AUT BENETTON RENAULT 4
15 Jarno Trulli ITA PROST MUGEN HONDA 3
16 Mika Salo FIN TYRRELL FORD 2
17 Pedro Diniz BRA ARROWS YAMAHA 2
18 Shinji Nakano JPN PROST MUGEN HONDA 2
19 Nicola Larini ITA SAUBER PETRONAS 1"
38,"POS DRIVER NATIONALITY CAR PTS
1 Mika Hakkinen FIN MCLAREN MERCEDES 100
2 Michael Schumacher GER FERRARI 86
3 David Coulthard GBR MCLAREN MERCEDES 56
4 Eddie Irvine GBR FERRARI 47
5 Jacques Villeneuve CAN WILLIAMS MECACHROME 21
6 Damon Hill GBR JORDAN MUGEN HONDA 20
7 Heinz-Harald Frentzen GER WILLIAMS MECACHROME 17
8 Alexander Wurz AUT BENETTON PLAYLIFE 17
9 Giancarlo Fisichella ITA BENETTON PLAYLIFE 16
10 Ralf Schumacher GER JORDAN MUGEN HONDA 14
11 Jean Alesi FRA SAUBER PETRONAS 9
12 Rubens Barrichello BRA STEWART FORD 4
13 Mika Salo FIN ARROWS 3
14 Pedro Diniz BRA ARROWS 3
15 Johnny Herbert GBR SAUBER PETRONAS 1
16 Jan Magnussen DEN STEWART FORD 1
17 Jarno Trulli ITA PROST PEUGEOT 1
18 Ricardo Rosset BRA TYRRELL FORD 0
19 Olivier Panis FRA PROST PEUGEOT 0
20 Toranosuke Takagi JPN TYRRELL FORD 0
21 Shinji Nakano JPN MINARDI FORD 0
22 Esteban Tuero ARG MINARDI FORD 0
23 Jos Verstappen NED STEWART FORD 0"
39,"POS DRIVER NATIONALITY CAR PTS
1 Mika Hakkinen FIN MCLAREN MERCEDES 76
2 Eddie Irvine GBR FERRARI 74
3 Heinz-Harald Frentzen GER JORDAN MUGEN HONDA 54
4 David Coulthard GBR MCLAREN MERCEDES 48
5 Michael Schumacher GER FERRARI 44
6 Ralf Schumacher GER WILLIAMS SUPERTEC 35
7 Rubens Barrichello BRA STEWART FORD 21
8 Johnny Herbert GBR STEWART FORD 15
9 Giancarlo Fisichella ITA BENETTON PLAYLIFE 13
10 Mika Salo FIN FERRARI 10
11 Jarno Trulli ITA PROST PEUGEOT 7
12 Damon Hill GBR JORDAN MUGEN HONDA 7
13 Alexander Wurz AUT BENETTON PLAYLIFE 3
14 Pedro Diniz BRA SAUBER PETRONAS 3
15 Olivier Panis FRA PROST PEUGEOT 2
16 Jean Alesi FRA SAUBER PETRONAS 2
17 Pedro de la Rosa ESP ARROWS 1
18 Marc Gene ESP MINARDI FORD 1"
40,"POS DRIVER NATIONALITY CAR PTS
1 Michael Schumacher GER FERRARI 108
2 Mika Hakkinen FIN MCLAREN MERCEDES 89
3 David Coulthard GBR MCLAREN MERCEDES 73
4 Rubens Barrichello BRA FERRARI 62
5 Ralf Schumacher GER WILLIAMS BMW 24
6 Giancarlo Fisichella ITA BENETTON PLAYLIFE 18
7 Jacques Villeneuve CAN BAR HONDA 17
8 Jenson Button GBR WILLIAMS BMW 12
9 Heinz-Harald Frentzen GER JORDAN MUGEN HONDA 11
10 Jarno Trulli ITA JORDAN MUGEN HONDA 6
11 Mika Salo FIN SAUBER PETRONAS 6
12 Jos Verstappen NED ARROWS SUPERTEC 5
13 Eddie Irvine GBR JAGUAR COSWORTH 4
14 Ricardo Zonta BRA BAR HONDA 3
15 Alexander Wurz AUT BENETTON PLAYLIFE 2
16 Pedro de la Rosa ESP ARROWS SUPERTEC 2
17 Pedro Diniz BRA SAUBER PETRONAS 0
18 Johnny Herbert GBR JAGUAR COSWORTH 0
19 Marc Gene ESP MINARDI FONDMETAL 0
20 Gaston Mazzacane ARG MINARDI FONDMETAL 0
21 Nick Heidfeld GER PROST PEUGEOT 0
22 Jean Alesi FRA PROST PEUGEOT 0
23 Luciano Burti BRA JAGUAR COSWORTH 0"
41,"POS DRIVER NATIONALITY CAR PTS
1 Michael Schumacher GER FERRARI 123
2 David Coulthard GBR MCLAREN MERCEDES 65
3 Rubens Barrichello BRA FERRARI 56
4 Ralf Schumacher GER WILLIAMS BMW 49
5 Mika Hakkinen FIN MCLAREN MERCEDES 37
6 Juan Pablo Montoya COL WILLIAMS BMW 31
7 Jacques Villeneuve CAN BAR HONDA 12
8 Nick Heidfeld GER SAUBER PETRONAS 12
9 Jarno Trulli ITA JORDAN HONDA 12
10 Kimi Räikkönen FIN SAUBER PETRONAS 9
11 Giancarlo Fisichella ITA BENETTON RENAULT 8
12 Eddie Irvine GBR JAGUAR COSWORTH 6
13 Heinz-Harald Frentzen GER PROST ACER 6
14 Olivier Panis FRA BAR HONDA 5
15 Jean Alesi FRA JORDAN HONDA 5
16 Pedro de la Rosa ESP JAGUAR COSWORTH 3
17 Jenson Button GBR BENETTON RENAULT 2
18 Jos Verstappen NED ARROWS ASIATECH 1"
42,"POS DRIVER NATIONALITY CAR PTS
1 Michael Schumacher GER FERRARI 144
2 Rubens Barrichello BRA FERRARI 77
3 Juan Pablo Montoya COL WILLIAMS BMW 50
4 Ralf Schumacher GER WILLIAMS BMW 42
5 David Coulthard GBR MCLAREN MERCEDES 41
6 Kimi Räikkönen FIN MCLAREN MERCEDES 24
7 Jenson Button GBR RENAULT 14
8 Jarno Trulli ITA RENAULT 9
9 Eddie Irvine GBR JAGUAR COSWORTH 8
10 Nick Heidfeld GER SAUBER PETRONAS 7
11 Giancarlo Fisichella ITA JORDAN HONDA 7
12 Jacques Villeneuve CAN BAR HONDA 4
13 Felipe Massa BRA SAUBER PETRONAS 4
14 Olivier Panis FRA BAR HONDA 3
15 Takuma Sato JPN JORDAN HONDA 2
16 Mark Webber AUS MINARDI ASIATECH 2
17 Mika Salo FIN TOYOTA 2
18 Heinz-Harald Frentzen GER SAUBER PETRONAS 2
19 Allan McNish GBR TOYOTA 0
20 Alex Yoong MAS MINARDI ASIATECH 0
21 Pedro de la Rosa ESP JAGUAR COSWORTH 0
22 Enrique Bernoldi BRA ARROWS COSWORTH 0"
43,"POS DRIVER NATIONALITY CAR PTS
1 Michael Schumacher GER FERRARI 93
2 Kimi Räikkönen FIN MCLAREN MERCEDES 91
3 Juan Pablo Montoya COL WILLIAMS BMW 82
4 Rubens Barrichello BRA FERRARI 65
5 Ralf Schumacher GER WILLIAMS BMW 58
6 Fernando Alonso ESP RENAULT 55
7 David Coulthard GBR MCLAREN MERCEDES 51
8 Jarno Trulli ITA RENAULT 33
9 Jenson Button GBR BAR HONDA 17
10 Mark Webber AUS JAGUAR COSWORTH 17
11 Heinz-Harald Frentzen GER SAUBER PETRONAS 13
12 Giancarlo Fisichella ITA JORDAN FORD 12
13 Cristiano da Matta BRA TOYOTA 10
14 Nick Heidfeld GER SAUBER PETRONAS 6
15 Olivier Panis FRA TOYOTA 6
16 Jacques Villeneuve CAN BAR HONDA 6
17 Marc Gene ESP WILLIAMS BMW 4
18 Takuma Sato JPN BAR HONDA 3
19 Ralph Firman IRL JORDAN FORD 1
20 Justin Wilson GBR JAGUAR COSWORTH 1
21 Antonio Pizzonia BRA JAGUAR COSWORTH 0
22 Jos Verstappen NED MINARDI COSWORTH 0
23 Nicolas Kiesa DEN MINARDI COSWORTH 0
24 Zsolt Baumgartner HUN JORDAN FORD 0"
44,"POS DRIVER NATIONALITY CAR PTS
1 Michael Schumacher GER FERRARI 148
2 Rubens Barrichello BRA FERRARI 114
3 Jenson Button GBR BAR HONDA 85
4 Fernando Alonso ESP RENAULT 59
5 Juan Pablo Montoya COL WILLIAMS BMW 58
6 Jarno Trulli ITA TOYOTA 46
7 Kimi Räikkönen FIN MCLAREN MERCEDES 45
8 Takuma Sato JPN BAR HONDA 34
9 Ralf Schumacher GER WILLIAMS BMW 24
10 David Coulthard GBR MCLAREN MERCEDES 24
11 Giancarlo Fisichella ITA SAUBER PETRONAS 22
12 Felipe Massa BRA SAUBER PETRONAS 12
13 Mark Webber AUS JAGUAR COSWORTH 7
14 Olivier Panis FRA TOYOTA 6
15 Antonio Pizzonia BRA WILLIAMS BMW 6
16 Christian Klien AUT JAGUAR COSWORTH 3
17 Cristiano da Matta BRA TOYOTA 3
18 Nick Heidfeld GER JORDAN FORD 3
19 Timo Glock GER JORDAN FORD 2
20 Zsolt Baumgartner HUN MINARDI COSWORTH 1
21 Jacques Villeneuve CAN RENAULT 0
22 Ricardo Zonta BRA TOYOTA 0
23 Marc Gene ESP WILLIAMS BMW 0
24 Giorgio Pantano ITA JORDAN FORD 0
25 Gianmaria Bruni ITA MINARDI COSWORTH 0"
45,"POS DRIVER NATIONALITY CAR PTS
1 Fernando Alonso ESP RENAULT 133
2 Kimi Räikkönen FIN MCLAREN MERCEDES 112
3 Michael Schumacher GER FERRARI 62
4 Juan Pablo Montoya COL MCLAREN MERCEDES 60
5 Giancarlo Fisichella ITA RENAULT 58
6 Ralf Schumacher GER TOYOTA 45
7 Jarno Trulli ITA TOYOTA 43
8 Rubens Barrichello BRA FERRARI 38
9 Jenson Button GBR BAR HONDA 37
10 Mark Webber AUS WILLIAMS BMW 36
11 Nick Heidfeld GER WILLIAMS BMW 28
12 David Coulthard GBR RBR COSWORTH 24
13 Felipe Massa BRA SAUBER PETRONAS 11
14 Jacques Villeneuve CAN SAUBER PETRONAS 9
15 Christian Klien AUT RBR COSWORTH 9
16 Tiago Monteiro POR JORDAN TOYOTA 7
17 Alexander Wurz AUT MCLAREN MERCEDES 6
18 Narain Karthikeyan IND JORDAN TOYOTA 5
19 Christijan Albers NED MINARDI COSWORTH 4
20 Pedro de la Rosa ESP MCLAREN MERCEDES 4
21 Patrick Friesacher AUT MINARDI COSWORTH 3
22 Antonio Pizzonia BRA WILLIAMS BMW 2
23 Takuma Sato JPN BAR HONDA 1
24 Vitantonio Liuzzi ITA RBR COSWORTH 1
25 Robert Doornbos MON MINARDI COSWORTH 0"
46,"POS DRIVER NATIONALITY CAR PTS
1 Fernando Alonso ESP RENAULT 134
2 Michael Schumacher GER FERRARI 121
3 Felipe Massa BRA FERRARI 80
4 Giancarlo Fisichella ITA RENAULT 72
5 Kimi Räikkönen FIN MCLAREN MERCEDES 65
6 Jenson Button GBR HONDA 56
7 Rubens Barrichello BRA HONDA 30
8 Juan Pablo Montoya COL MCLAREN MERCEDES 26
9 Nick Heidfeld GER SAUBER BMW 23
10 Ralf Schumacher GER TOYOTA 20
11 Pedro de la Rosa ESP MCLAREN MERCEDES 19
12 Jarno Trulli ITA TOYOTA 15
13 David Coulthard GBR RBR FERRARI 14
14 Mark Webber AUS WILLIAMS COSWORTH 7
15 Jacques Villeneuve CAN SAUBER BMW 7
16 Robert Kubica POL SAUBER BMW 6
17 Nico Rosberg GER WILLIAMS COSWORTH 4
18 Christian Klien AUT RBR FERRARI 2
19 Vitantonio Liuzzi ITA STR COSWORTH 1
20 Scott Speed USA STR COSWORTH 0
21 Tiago Monteiro POR MF1 TOYOTA 0
22 Christijan Albers NED MF1 TOYOTA 0
23 Takuma Sato JPN SUPER AGURI HONDA 0
24 Robert Doornbos NED RBR FERRARI 0
25 Yuji Ide JPN SUPER AGURI HONDA 0
26 Sakon Yamamoto JPN SUPER AGURI HONDA 0
27 Franck Montagny FRA SUPER AGURI HONDA 0"
47,"POS DRIVER NATIONALITY CAR PTS
1 Kimi Räikkönen FIN FERRARI 110
2 Lewis Hamilton GBR MCLAREN MERCEDES 109
3 Fernando Alonso ESP MCLAREN MERCEDES 109
4 Felipe Massa BRA FERRARI 94
5 Nick Heidfeld GER SAUBER BMW 61
6 Robert Kubica POL SAUBER BMW 39
7 Heikki Kovalainen FIN RENAULT 30
8 Giancarlo Fisichella ITA RENAULT 21
9 Nico Rosberg GER WILLIAMS TOYOTA 20
10 David Coulthard GBR RED BULL RENAULT 14
11 Alexander Wurz AUT WILLIAMS TOYOTA 13
12 Mark Webber AUS RED BULL RENAULT 10
13 Jarno Trulli ITA TOYOTA 8
14 Sebastian Vettel GER STR FERRARI 6
15 Jenson Button GBR HONDA 6
16 Ralf Schumacher GER TOYOTA 5
17 Takuma Sato JPN SUPER AGURI HONDA 4
18 Vitantonio Liuzzi ITA STR FERRARI 3
19 Adrian Sutil GER SPYKER FERRARI 1
20 Rubens Barrichello BRA HONDA 0
21 Scott Speed USA STR FERRARI 0
22 Kazuki Nakajima JPN WILLIAMS TOYOTA 0
23 Anthony Davidson GBR SUPER AGURI HONDA 0
24 Sakon Yamamoto JPN SPYKER FERRARI 0
25 Christijan Albers NED SPYKER FERRARI 0"
48,"POS DRIVER NATIONALITY CAR PTS
1 Lewis Hamilton GBR MCLAREN MERCEDES 98
2 Felipe Massa BRA FERRARI 97
3 Kimi Räikkönen FIN FERRARI 75
4 Robert Kubica POL SAUBER BMW 75
5 Fernando Alonso ESP RENAULT 61
6 Nick Heidfeld GER SAUBER BMW 60
7 Heikki Kovalainen FIN MCLAREN MERCEDES 53
8 Sebastian Vettel GER STR FERRARI 35
9 Jarno Trulli ITA TOYOTA 31
10 Timo Glock GER TOYOTA 25
11 Mark Webber AUS RED BULL RENAULT 21
12 Nelson Piquet BRA RENAULT 19
13 Nico Rosberg GER WILLIAMS TOYOTA 17
14 Rubens Barrichello BRA HONDA 11
15 Kazuki Nakajima JPN WILLIAMS TOYOTA 9
16 David Coulthard GBR RED BULL RENAULT 8
17 Sebastien Bourdais FRA STR FERRARI 4
18 Jenson Button GBR HONDA 3
19 Giancarlo Fisichella ITA FORCE INDIA FERRARI 0
20 Adrian Sutil GER FORCE INDIA FERRARI 0
21 Takuma Sato JPN SUPER AGURI HONDA 0
22 Anthony Davidson GBR SUPER AGURI HONDA 0"
49,"POS DRIVER NATIONALITY CAR PTS
1 Jenson Button GBR BRAWN MERCEDES 95
2 Sebastian Vettel GER RBR RENAULT 84
3 Rubens Barrichello BRA BRAWN MERCEDES 77
4 Mark Webber AUS RBR RENAULT 69.5
5 Lewis Hamilton GBR MCLAREN MERCEDES 49
6 Kimi Räikkönen FIN FERRARI 48
7 Nico Rosberg GER WILLIAMS TOYOTA 34.5
8 Jarno Trulli ITA TOYOTA 32.5
9 Fernando Alonso ESP RENAULT 26
10 Timo Glock GER TOYOTA 24
11 Felipe Massa BRA FERRARI 22
12 Heikki Kovalainen FIN MCLAREN MERCEDES 22
13 Nick Heidfeld GER SAUBER BMW 19
14 Robert Kubica POL SAUBER BMW 17
15 Giancarlo Fisichella ITA FERRARI 8
16 Sebastien Buemi SUI STR FERRARI 6
17 Adrian Sutil GER FORCE INDIA MERCEDES 5
18 Kamui Kobayashi JPN TOYOTA 3
19 Sebastien Bourdais FRA STR FERRARI 2
20 Kazuki Nakajima JPN WILLIAMS TOYOTA 0
21 Nelson Piquet BRA RENAULT 0
22 Vitantonio Liuzzi ITA FORCE INDIA MERCEDES 0
23 Romain Grosjean FRA RENAULT 0
24 Jaime Alguersuari ESP STR FERRARI 0
25 Luca Badoer ITA FERRARI 0"
50,"POS DRIVER NATIONALITY CAR PTS
1 Sebastian Vettel GER RBR RENAULT 256
2 Fernando Alonso ESP FERRARI 252
3 Mark Webber AUS RBR RENAULT 242
4 Lewis Hamilton GBR MCLAREN MERCEDES 240
5 Jenson Button GBR MCLAREN MERCEDES 214
6 Felipe Massa BRA FERRARI 144
7 Nico Rosberg GER MERCEDES 142
8 Robert Kubica POL RENAULT 136
9 Michael Schumacher GER MERCEDES 72
10 Rubens Barrichello BRA WILLIAMS COSWORTH 47
11 Adrian Sutil GER FORCE INDIA MERCEDES 47
12 Kamui Kobayashi JPN SAUBER FERRARI 32
13 Vitaly Petrov RUS RENAULT 27
14 Nico Hulkenberg GER WILLIAMS COSWORTH 22
15 Vitantonio Liuzzi ITA FORCE INDIA MERCEDES 21
16 Sebastien Buemi SUI STR FERRARI 8
17 Pedro de la Rosa ESP SAUBER FERRARI 6
18 Nick Heidfeld GER SAUBER FERRARI 6
19 Jaime Alguersuari ESP STR FERRARI 5
20 Heikki Kovalainen FIN LOTUS COSWORTH 0
21 Jarno Trulli ITA LOTUS COSWORTH 0
22 Karun Chandhok IND HRT COSWORTH 0
23 Bruno Senna BRA HRT COSWORTH 0
24 Lucas di Grassi BRA VIRGIN COSWORTH 0
25 Timo Glock GER VIRGIN COSWORTH 0
26 Sakon Yamamoto JPN HRT COSWORTH 0
27 Christian Klien AUT HRT COSWORTH 0"
51,"POS DRIVER NATIONALITY CAR PTS
1 Sebastian Vettel GER RED BULL RACING RENAULT 392
2 Jenson Button GBR MCLAREN MERCEDES 270
3 Mark Webber AUS RED BULL RACING RENAULT 258
4 Fernando Alonso ESP FERRARI 257
5 Lewis Hamilton GBR MCLAREN MERCEDES 227
6 Felipe Massa BRA FERRARI 118
7 Nico Rosberg GER MERCEDES 89
8 Michael Schumacher GER MERCEDES 76
9 Adrian Sutil GER FORCE INDIA MERCEDES 42
10 Vitaly Petrov RUS RENAULT 37
11 Nick Heidfeld GER RENAULT 34
12 Kamui Kobayashi JPN SAUBER FERRARI 30
13 Paul di Resta GBR FORCE INDIA MERCEDES 27
14 Jaime Alguersuari ESP STR FERRARI 26
15 Sebastien Buemi SUI STR FERRARI 15
16 Sergio Perez MEX SAUBER FERRARI 14
17 Rubens Barrichello BRA WILLIAMS COSWORTH 4
18 Bruno Senna BRA RENAULT 2
19 Pastor Maldonado VEN WILLIAMS COSWORTH 1
20 Pedro de la Rosa ESP SAUBER FERRARI 0
21 Jarno Trulli ITA LOTUS RENAULT 0
22 Heikki Kovalainen FIN LOTUS RENAULT 0
23 Vitantonio Liuzzi ITA HRT COSWORTH 0
24 Jerome d'Ambrosio BEL VIRGIN COSWORTH 0
25 Timo Glock GER VIRGIN COSWORTH 0
26 Narain Karthikeyan IND HRT COSWORTH 0
27 Daniel Ricciardo AUS HRT COSWORTH 0
28 Karun Chandhok IND LOTUS RENAULT 0"
52,"POS DRIVER NATIONALITY CAR PTS
1 Sebastian Vettel GER RED BULL RACING RENAULT 281
2 Fernando Alonso ESP FERRARI 278
3 Kimi Räikkönen FIN LOTUS RENAULT 207
4 Lewis Hamilton GBR MCLAREN MERCEDES 190
5 Jenson Button GBR MCLAREN MERCEDES 188
6 Mark Webber AUS RED BULL RACING RENAULT 179
7 Felipe Massa BRA FERRARI 122
8 Romain Grosjean FRA LOTUS RENAULT 96
9 Nico Rosberg GER MERCEDES 93
10 Sergio Perez MEX SAUBER FERRARI 66
11 Nico Hulkenberg GER FORCE INDIA MERCEDES 63
12 Kamui Kobayashi JPN SAUBER FERRARI 60
13 Michael Schumacher GER MERCEDES 49
14 Paul di Resta GBR FORCE INDIA MERCEDES 46
15 Pastor Maldonado VEN WILLIAMS RENAULT 45
16 Bruno Senna BRA WILLIAMS RENAULT 31
17 Jean-Eric Vergne FRA STR FERRARI 16
18 Daniel Ricciardo AUS STR FERRARI 10
19 Vitaly Petrov RUS CATERHAM RENAULT 0
20 Timo Glock GER MARUSSIA COSWORTH 0
21 Charles Pic FRA MARUSSIA COSWORTH 0
22 Heikki Kovalainen FIN CATERHAM RENAULT 0
23 Jerome d'Ambrosio BEL LOTUS RENAULT 0
24 Narain Karthikeyan IND HRT COSWORTH 0
25 Pedro de la Rosa ESP HRT COSWORTH 0"
53,"POS DRIVER NATIONALITY CAR PTS
1 Sebastian Vettel GER RED BULL RACING RENAULT 397
2 Fernando Alonso ESP FERRARI 242
3 Mark Webber AUS RED BULL RACING RENAULT 199
4 Lewis Hamilton GBR MERCEDES 189
5 Kimi Räikkönen FIN LOTUS RENAULT 183
6 Nico Rosberg GER MERCEDES 171
7 Romain Grosjean FRA LOTUS RENAULT 132
8 Felipe Massa BRA FERRARI 112
9 Jenson Button GBR MCLAREN MERCEDES 73
10 Nico Hulkenberg GER SAUBER FERRARI 51
11 Sergio Perez MEX MCLAREN MERCEDES 49
12 Paul di Resta GBR FORCE INDIA MERCEDES 48
13 Adrian Sutil GER FORCE INDIA MERCEDES 29
14 Daniel Ricciardo AUS STR FERRARI 20
15 Jean-Eric Vergne FRA STR FERRARI 13
16 Esteban Gutierrez MEX SAUBER FERRARI 6
17 Valtteri Bottas FIN WILLIAMS RENAULT 4
18 Pastor Maldonado VEN WILLIAMS RENAULT 1
19 Jules Bianchi FRA MARUSSIA COSWORTH 0
20 Charles Pic FRA CATERHAM RENAULT 0
21 Heikki Kovalainen FIN LOTUS RENAULT 0
22 Giedo van der Garde NED CATERHAM RENAULT 0
23 Max Chilton GBR MARUSSIA COSWORTH 0"
54,"POS DRIVER NATIONALITY CAR PTS
1 Lewis Hamilton GBR MERCEDES 384
2 Nico Rosberg GER MERCEDES 317
3 Daniel Ricciardo AUS RED BULL RACING RENAULT 238
4 Valtteri Bottas FIN WILLIAMS MERCEDES 186
5 Sebastian Vettel GER RED BULL RACING RENAULT 167
6 Fernando Alonso ESP FERRARI 161
7 Felipe Massa BRA WILLIAMS MERCEDES 134
8 Jenson Button GBR MCLAREN MERCEDES 126
9 Nico Hulkenberg GER FORCE INDIA MERCEDES 96
10 Sergio Perez MEX FORCE INDIA MERCEDES 59
11 Kevin Magnussen DEN MCLAREN MERCEDES 55
12 Kimi Räikkönen FIN FERRARI 55
13 Jean-Eric Vergne FRA STR RENAULT 22
14 Romain Grosjean FRA LOTUS RENAULT 8
15 Daniil Kvyat RUS STR RENAULT 8
16 Pastor Maldonado VEN LOTUS RENAULT 2
17 Jules Bianchi FRA MARUSSIA FERRARI 2
18 Adrian Sutil GER SAUBER FERRARI 0
19 Marcus Ericsson SWE CATERHAM RENAULT 0
20 Esteban Gutierrez MEX SAUBER FERRARI 0
21 Max Chilton GBR MARUSSIA FERRARI 0
22 Kamui Kobayashi JPN CATERHAM RENAULT 0
23 Will Stevens GBR CATERHAM RENAULT 0"
55,"POS DRIVER NATIONALITY CAR PTS
1 Lewis Hamilton GBR MERCEDES 381
2 Nico Rosberg GER MERCEDES 322
3 Sebastian Vettel GER FERRARI 278
4 Kimi Räikkönen FIN FERRARI 150
5 Valtteri Bottas FIN WILLIAMS MERCEDES 136
6 Felipe Massa BRA WILLIAMS MERCEDES 121
7 Daniil Kvyat RUS RED BULL RACING RENAULT 95
8 Daniel Ricciardo AUS RED BULL RACING RENAULT 92
9 Sergio Perez MEX FORCE INDIA MERCEDES 78
10 Nico Hulkenberg GER FORCE INDIA MERCEDES 58
11 Romain Grosjean FRA LOTUS MERCEDES 51
12 Max Verstappen NED STR RENAULT 49
13 Felipe Nasr BRA SAUBER FERRARI 27
14 Pastor Maldonado VEN LOTUS MERCEDES 27
15 Carlos Sainz ESP STR RENAULT 18
16 Jenson Button GBR MCLAREN HONDA 16
17 Fernando Alonso ESP MCLAREN HONDA 11
18 Marcus Ericsson SWE SAUBER FERRARI 9
19 Roberto Merhi ESP MARUSSIA FERRARI 0
20 Alexander Rossi USA MARUSSIA FERRARI 0
21 Will Stevens GBR MARUSSIA FERRARI 0"
56,"POS DRIVER NATIONALITY CAR PTS
1 Nico Rosberg GER MERCEDES 385
2 Lewis Hamilton GBR MERCEDES 380
3 Daniel Ricciardo AUS RED BULL RACING TAG HEUER 256
4 Sebastian Vettel GER FERRARI 212
5 Max Verstappen NED RED BULL RACING TAG HEUER 204
6 Kimi Räikkönen FIN FERRARI 186
7 Sergio Perez MEX FORCE INDIA MERCEDES 101
8 Valtteri Bottas FIN WILLIAMS MERCEDES 85
9 Nico Hulkenberg GER FORCE INDIA MERCEDES 72
10 Fernando Alonso ESP MCLAREN HONDA 54
11 Felipe Massa BRA WILLIAMS MERCEDES 53
12 Carlos Sainz ESP TORO ROSSO FERRARI 46
13 Romain Grosjean FRA HAAS FERRARI 29
14 Daniil Kvyat RUS TORO ROSSO FERRARI 25
15 Jenson Button GBR MCLAREN HONDA 21
16 Kevin Magnussen DEN RENAULT 7
17 Felipe Nasr BRA SAUBER FERRARI 2
18 Jolyon Palmer GBR RENAULT 1
19 Pascal Wehrlein GER MRT MERCEDES 1
20 Stoffel Vandoorne BEL MCLAREN HONDA 1
21 Esteban Gutierrez MEX HAAS FERRARI 0
22 Marcus Ericsson SWE SAUBER FERRARI 0
23 Esteban Ocon FRA MRT MERCEDES 0
24 Rio Haryanto INA MRT MERCEDES 0"
57,"POS DRIVER NATIONALITY CAR PTS
1 Lewis Hamilton GBR MERCEDES 363
2 Sebastian Vettel GER FERRARI 317
3 Valtteri Bottas FIN MERCEDES 305
4 Kimi Räikkönen FIN FERRARI 205
5 Daniel Ricciardo AUS RED BULL RACING TAG HEUER 200
6 Max Verstappen NED RED BULL RACING TAG HEUER 168
7 Sergio Perez MEX FORCE INDIA MERCEDES 100
8 Esteban Ocon FRA FORCE INDIA MERCEDES 87
9 Carlos Sainz ESP RENAULT 54
10 Nico Hulkenberg GER RENAULT 43
11 Felipe Massa BRA WILLIAMS MERCEDES 43
12 Lance Stroll CAN WILLIAMS MERCEDES 40
13 Romain Grosjean FRA HAAS FERRARI 28
14 Kevin Magnussen DEN HAAS FERRARI 19
15 Fernando Alonso ESP MCLAREN HONDA 17
16 Stoffel Vandoorne BEL MCLAREN HONDA 13
17 Jolyon Palmer GBR RENAULT 8
18 Pascal Wehrlein GER SAUBER FERRARI 5
19 Daniil Kvyat RUS TORO ROSSO 5
20 Marcus Ericsson SWE SAUBER FERRARI 0
21 Pierre Gasly FRA TORO ROSSO 0
22 Antonio Giovinazzi ITA SAUBER FERRARI 0
23 Brendon Hartley NZL TORO ROSSO 0"
58,"POS DRIVER NATIONALITY CAR PTS
1 Lewis Hamilton GBR MERCEDES 408
2 Sebastian Vettel GER FERRARI 320
3 Kimi Räikkönen FIN FERRARI 251
4 Max Verstappen NED RED BULL RACING TAG HEUER 249
5 Valtteri Bottas FIN MERCEDES 247
6 Daniel Ricciardo AUS RED BULL RACING TAG HEUER 170
7 Nico Hulkenberg GER RENAULT 69
8 Sergio Perez MEX FORCE INDIA MERCEDES 62
9 Kevin Magnussen DEN HAAS FERRARI 56
10 Carlos Sainz ESP RENAULT 53
11 Fernando Alonso ESP MCLAREN RENAULT 50
12 Esteban Ocon FRA FORCE INDIA MERCEDES 49
13 Charles Leclerc MON SAUBER FERRARI 39
14 Romain Grosjean FRA HAAS FERRARI 37
15 Pierre Gasly FRA SCUDERIA TORO ROSSO HONDA 29
16 Stoffel Vandoorne BEL MCLAREN RENAULT 12
17 Marcus Ericsson SWE SAUBER FERRARI 9
18 Lance Stroll CAN WILLIAMS MERCEDES 6
19 Brendon Hartley NZL SCUDERIA TORO ROSSO HONDA 4
20 Sergey Sirotkin RUS WILLIAMS MERCEDES 1"
59,"POS DRIVER NATIONALITY CAR PTS
1 Lewis Hamilton GBR MERCEDES 413
2 Valtteri Bottas FIN MERCEDES 326
3 Max Verstappen NED RED BULL RACING HONDA 278
4 Charles Leclerc MON FERRARI 264
5 Sebastian Vettel GER FERRARI 240
6 Carlos Sainz ESP MCLAREN RENAULT 96
7 Pierre Gasly FRA SCUDERIA TORO ROSSO HONDA 95
8 Alexander Albon THA RED BULL RACING HONDA 92
9 Daniel Ricciardo AUS RENAULT 54
10 Sergio Perez MEX RACING POINT BWT MERCEDES 52
11 Lando Norris GBR MCLAREN RENAULT 49
12 Kimi Räikkönen FIN ALFA ROMEO RACING FERRARI 43
13 Daniil Kvyat RUS SCUDERIA TORO ROSSO HONDA 37
14 Nico Hulkenberg GER RENAULT 37
15 Lance Stroll CAN RACING POINT BWT MERCEDES 21
16 Kevin Magnussen DEN HAAS FERRARI 20
17 Antonio Giovinazzi ITA ALFA ROMEO RACING FERRARI 14
18 Romain Grosjean FRA HAAS FERRARI 8
19 Robert Kubica POL WILLIAMS MERCEDES 1
20 George Russell GBR WILLIAMS MERCEDES 0"
60,"POS DRIVER NATIONALITY CAR PTS
1 Lewis Hamilton GBR MERCEDES 347
2 Valtteri Bottas FIN MERCEDES 223
3 Max Verstappen NED RED BULL RACING HONDA 214
4 Sergio Perez MEX RACING POINT BWT MERCEDES 125
5 Daniel Ricciardo AUS RENAULT 119
6 Carlos Sainz ESP MCLAREN RENAULT 105
7 Alexander Albon THA RED BULL RACING HONDA 105
8 Charles Leclerc MON FERRARI 98
9 Lando Norris GBR MCLAREN RENAULT 97
10 Pierre Gasly FRA ALPHATAURI HONDA 75
11 Lance Stroll CAN RACING POINT BWT MERCEDES 75
12 Esteban Ocon FRA RENAULT 62
13 Sebastian Vettel GER FERRARI 33
14 Daniil Kvyat RUS ALPHATAURI HONDA 32
15 Nico Hulkenberg GER RACING POINT BWT MERCEDES 10
16 Kimi Räikkönen FIN ALFA ROMEO RACING FERRARI 4
17 Antonio Giovinazzi ITA ALFA ROMEO RACING FERRARI 4
18 George Russell GBR WILLIAMS MERCEDES 3
19 Romain Grosjean FRA HAAS FERRARI 2
20 Kevin Magnussen DEN HAAS FERRARI 1
21 Nicholas Latifi CAN WILLIAMS MERCEDES 0
22 Jack Aitken GBR WILLIAMS MERCEDES 0
23 Pietro Fittipaldi BRA HAAS FERRARI 0"
